{"cameraMode":{"drawMode":0,"name":"Shaded","section":"Shading Mode"},"sceneLighting":false,"audioPlay":false,"sceneViewState":{"showFog":true,"showMaterialUpdate":false,"showSkybox":false,"showFlares":true,"showImageEffects":true,"showParticleSystems":true},"in2DMode":false,"pivot":{"x":-61.33201217651367,"y":0.6884536147117615,"z":45.43524169921875},"rotation":{"x":0.1612803041934967,"y":-0.014202763326466084,"z":0.002308277413249016,"w":0.9868274927139282},"size":2.4557137489318849,"orthographic":false}