{"cameraMode":{"drawMode":0,"name":"Shaded","section":"Shading Mode"},"sceneLighting":false,"audioPlay":false,"sceneViewState":{"showFog":true,"showMaterialUpdate":false,"showSkybox":false,"showFlares":true,"showImageEffects":true,"showParticleSystems":true},"in2DMode":false,"pivot":{"x":-0.078857421875,"y":1.1116172075271607,"z":0.05785546451807022},"rotation":{"x":-0.0008865902782417834,"y":-0.9989416003227234,"z":-0.04047929495573044,"w":0.021878359839320184},"size":3.198390245437622,"orthographic":true}