{"cameraMode":{"drawMode":0,"name":"Shaded","section":"Shading Mode"},"sceneLighting":true,"audioPlay":false,"sceneViewState":{"showFog":true,"showMaterialUpdate":false,"showSkybox":true,"showFlares":true,"showImageEffects":true,"showParticleSystems":true},"in2DMode":false,"pivot":{"x":-33.59382629394531,"y":19.025009155273439,"z":31.47345733642578},"rotation":{"x":0.06452906876802445,"y":0.8951335549354553,"z":-0.41922223567962649,"w":0.13773033022880555},"size":33.14568328857422,"orthographic":false}