{"cameraMode":{"drawMode":0,"name":"Shaded","section":"Shading Mode"},"sceneLighting":false,"audioPlay":false,"sceneViewState":{"showFog":true,"showMaterialUpdate":false,"showSkybox":false,"showFlares":true,"showImageEffects":true,"showParticleSystems":true},"in2DMode":false,"pivot":{"x":-73.57532501220703,"y":1.3049019575119019,"z":45.0},"rotation":{"x":-0.0496048703789711,"y":0.7143909335136414,"z":0.050876691937446597,"w":0.6963835954666138},"size":-3.195253372192383,"orthographic":false}