{"cameraMode":{"drawMode":0,"name":"Shaded","section":"Shading Mode"},"sceneLighting":false,"audioPlay":false,"sceneViewState":{"showFog":true,"showMaterialUpdate":false,"showSkybox":false,"showFlares":true,"showImageEffects":true,"showParticleSystems":true},"in2DMode":false,"pivot":{"x":0.09864640235900879,"y":1.0870702266693116,"z":-2.7333781719207765},"rotation":{"x":0.0006584595539607108,"y":0.9953101873397827,"z":-0.09825216978788376,"w":0.007623792625963688},"size":3.0056376457214357,"orthographic":false}