{"cameraMode":{"drawMode":0,"name":"Shaded","section":"Shading Mode"},"sceneLighting":false,"audioPlay":false,"sceneViewState":{"showFog":true,"showMaterialUpdate":false,"showSkybox":false,"showFlares":true,"showImageEffects":true,"showParticleSystems":true},"in2DMode":false,"pivot":{"x":-59.34009552001953,"y":0.42309993505477908,"z":41.74968338012695},"rotation":{"x":0.2726517915725708,"y":-0.49516528844833376,"z":0.16711385548114777,"w":0.807830810546875},"size":0.13681422173976899,"orthographic":false}