{"cameraMode":{"drawMode":0,"name":"Shaded","section":"Shading Mode"},"sceneLighting":true,"audioPlay":false,"sceneViewState":{"showFog":true,"showMaterialUpdate":false,"showSkybox":false,"showFlares":true,"showImageEffects":true,"showParticleSystems":true},"in2DMode":false,"pivot":{"x":-62.90800094604492,"y":2.2759995460510256,"z":44.64946365356445},"rotation":{"x":-0.09319797903299332,"y":-0.699918270111084,"z":0.09213254600763321,"w":-0.7023391127586365},"size":24.78218650817871,"orthographic":false}