{"cameraMode":{"drawMode":0,"name":"Shaded","section":"Shading Mode"},"sceneLighting":true,"audioPlay":false,"sceneViewState":{"showFog":true,"showMaterialUpdate":false,"showSkybox":false,"showFlares":true,"showImageEffects":true,"showParticleSystems":true},"in2DMode":false,"pivot":{"x":-62.90800094604492,"y":2.2760000228881838,"z":44.64946365356445},"rotation":{"x":-0.13660193979740144,"y":-0.4828512370586395,"z":0.07593637704849243,"w":-0.8618398904800415},"size":1.8186523914337159,"orthographic":false}