{"cameraMode":{"drawMode":0,"name":"Shaded","section":"Shading Mode"},"sceneLighting":false,"audioPlay":false,"sceneViewState":{"showFog":true,"showMaterialUpdate":false,"showSkybox":false,"showFlares":true,"showImageEffects":true,"showParticleSystems":true},"in2DMode":false,"pivot":{"x":-62.007904052734378,"y":-0.0021563617046922447,"z":44.492523193359378},"rotation":{"x":0.09987993538379669,"y":0.7518376708030701,"z":-0.1170821338891983,"w":0.6412470936775208},"size":0.003164567518979311,"orthographic":false}