{"cameraMode":{"drawMode":0,"name":"Shaded","section":"Shading Mode"},"sceneLighting":false,"audioPlay":false,"sceneViewState":{"showFog":true,"showMaterialUpdate":false,"showSkybox":false,"showFlares":true,"showImageEffects":true,"showParticleSystems":true},"in2DMode":false,"pivot":{"x":6.899414539337158,"y":0.5130201578140259,"z":-29.594707489013673},"rotation":{"x":0.029817385599017144,"y":-0.3218958377838135,"z":0.010141407139599324,"w":0.9462561011314392},"size":0.583369255065918,"orthographic":false}