{"cameraMode":{"drawMode":0,"name":"Shaded","section":"Shading Mode"},"sceneLighting":true,"audioPlay":false,"sceneViewState":{"showFog":true,"showMaterialUpdate":false,"showSkybox":false,"showFlares":true,"showImageEffects":true,"showParticleSystems":true},"in2DMode":false,"pivot":{"x":7.702249050140381,"y":2.60734224319458,"z":3.5883164405822756},"rotation":{"x":-0.10407442599534989,"y":0.8936766982078552,"z":-0.3433350920677185,"w":-0.26993003487586977},"size":0.7381742596626282,"orthographic":false}