{"cameraMode":{"drawMode":0,"name":"Shaded","section":"Shading Mode"},"sceneLighting":false,"audioPlay":false,"sceneViewState":{"showFog":true,"showMaterialUpdate":false,"showSkybox":false,"showFlares":true,"showImageEffects":true,"showParticleSystems":true},"in2DMode":false,"pivot":{"x":-62.968013763427737,"y":0.8904366493225098,"z":45.028053283691409},"rotation":{"x":0.027781272307038308,"y":0.6890136003494263,"z":-0.026499753817915918,"w":0.723975419998169},"size":3.069383382797241,"orthographic":false}