{"cameraMode":{"drawMode":0,"name":"Shaded","section":"Shading Mode"},"sceneLighting":true,"audioPlay":false,"sceneViewState":{"showFog":true,"showMaterialUpdate":false,"showSkybox":true,"showFlares":true,"showImageEffects":true,"showParticleSystems":true},"in2DMode":false,"pivot":{"x":-33.59382629394531,"y":19.025009155273439,"z":31.47345733642578},"rotation":{"x":0.0746224969625473,"y":0.8837625980377197,"z":-0.4367545247077942,"w":0.1509477198123932},"size":33.14568328857422,"orthographic":false}