{"cameraMode":{"drawMode":0,"name":"Shaded","section":"Shading Mode"},"sceneLighting":false,"audioPlay":false,"sceneViewState":{"showFog":true,"showMaterialUpdate":false,"showSkybox":false,"showFlares":true,"showImageEffects":true,"showParticleSystems":true},"in2DMode":false,"pivot":{"x":-60.074424743652347,"y":0.19459465146064759,"z":42.20833206176758},"rotation":{"x":0.1612803041934967,"y":-0.014202763326466084,"z":0.002308277413249016,"w":0.9868274927139282},"size":0.3394113779067993,"orthographic":false}