{"cameraMode":{"drawMode":0,"name":"Shaded","section":"Shading Mode"},"sceneLighting":false,"audioPlay":false,"sceneViewState":{"showFog":true,"showMaterialUpdate":false,"showSkybox":false,"showFlares":true,"showImageEffects":true,"showParticleSystems":true},"in2DMode":false,"pivot":{"x":-0.824066162109375,"y":0.24080657958984376,"z":0.7341117858886719},"rotation":{"x":0.1885102540254593,"y":0.7336931228637695,"z":-0.22573454678058625,"w":0.6125807762145996},"size":87.98430633544922,"orthographic":false}