{"cameraMode":{"drawMode":0,"name":"Shaded","section":"Shading Mode"},"sceneLighting":false,"audioPlay":false,"sceneViewState":{"showFog":true,"showMaterialUpdate":false,"showSkybox":false,"showFlares":true,"showImageEffects":true,"showParticleSystems":true},"in2DMode":false,"pivot":{"x":-58.44923782348633,"y":0.5260376930236816,"z":41.99959945678711},"rotation":{"x":0.2726517915725708,"y":-0.49516528844833376,"z":0.16711385548114777,"w":0.807830810546875},"size":0.911125659942627,"orthographic":false}